sample_ID	sample_name	Litter	Animal_ID	Culture_Type	well	index_I7	I7_Index_ID	index2	I5_Index_ID	projectID	chemical	chemical_longname	Group	dose	Animal_number	technical_control	reference_rna	solvent_control
29_2D_Low	29_2D_Low	5Q	50	2D	A04	AACCATAGAA	UDP0025	GGCGAGATGG	UDP0025	23N-MBT_AfB1	AfB1	AflatoxinB1	1uM_2D	1	50	F	F	F
31_3D_Cont	31_3D_Cont	5P	39	3D	B04	GGTTGCGAGG	UDP0026	AATAGAGCAA	UDP0026	23N-MBT_AfB1	AfB1	AflatoxinB1	C_3D	0	39	F	F	T
42_3D_High	42_3D_High	5Q	50	3D	C04	TAAGCATCCA	UDP0027	TCAATCCATT	UDP0027	23N-MBT_AfB1	AfB1	AflatoxinB1	2uM_3D	2	50	F	F	F
24_2D_High	24_2D_High	5P	40	2D	D04	ACCACGACAT	UDP0028	TCGTATGCGG	UDP0028	23N-MBT_AfB1	AfB1	AflatoxinB1	2uM_2D	2	40	F	F	F
38_3D_Low	38_3D_Low	5Q	49	3D	E04	GCCGCACTCT	UDP0029	TCCGACCTCG	UDP0029	23N-MBT_AfB1	AfB1	AflatoxinB1	1uM_3D	1	49	F	F	F
28_2D_Cont	28_2D_Cont	5Q	50	2D	F04	CCACCAGGCA	UDP0030	CTTATGGAAT	UDP0030	23N-MBT_AfB1	AfB1	AflatoxinB1	C_2D	0	50	F	F	T
20_2D_Low	20_2D_Low	5P	39	2D	G04	GTGACACGCA	UDP0031	GCTTACGGAC	UDP0031	23N-MBT_AfB1	AfB1	AflatoxinB1	1uM_2D	1	39	F	F	F
36_3D_High	36_3D_High	5P	40	3D	H04	ACAGTGTATG	UDP0032	GAACATACGG	UDP0032	23N-MBT_AfB1	AfB1	AflatoxinB1	2uM_3D	2	40	F	F	F
10_3D_Cont	10_3D_Cont	5P	40	3D	A05	TGATTATACG	UDP0033	GTCGATTACA	UDP0033	23N-MBT_AfB1	AfB1	AflatoxinB1	C_3D	0	40	F	F	T
39_3D_High	39_3D_High	5Q	49	3D	B05	CAGCCGCGTA	UDP0034	ACTAGCCGTG	UDP0034	23N-MBT_AfB1	AfB1	AflatoxinB1	2uM_3D	2	49	F	F	F
19_2D_Cont	19_2D_Cont	5P	39	2D	C05	GGTAACTCGC	UDP0035	AAGTTGGTGA	UDP0035	23N-MBT_AfB1	AfB1	AflatoxinB1	C_2D	0	39	F	F	T
41_3D_Low	41_3D_Low	5Q	50	3D	D05	ACCGGCCGTA	UDP0036	TGGCAATATT	UDP0036	23N-MBT_AfB1	AfB1	AflatoxinB1	1uM_3D	1	50	F	F	F
21_2D_High	21_2D_High	5P	39	2D	E05	TGTAATCGAC	UDP0037	GATCACCGCG	UDP0037	23N-MBT_AfB1	AfB1	AflatoxinB1	2uM_2D	2	39	F	F	F
23_2D_Low	23_2D_Low	5P	40	2D	F05	GTGCAGACAG	UDP0038	TACCATCCGT	UDP0038	23N-MBT_AfB1	AfB1	AflatoxinB1	1uM_2D	1	40	F	F	F
37_3D_Cont	37_3D_Cont	5Q	49	3D	G05	CAATCGGCTG	UDP0039	GCTGTAGGAA	UDP0039	23N-MBT_AfB1	AfB1	AflatoxinB1	C_3D	0	49	F	F	T
30_2D_High	30_2D_High	5Q	50	2D	H05	TATGTAGTCA	UDP0040	CGCACTAATG	UDP0040	23N-MBT_AfB1	AfB1	AflatoxinB1	2uM_2D	2	50	F	F	F
32_3D_Low	32_3D_Low	5P	39	3D	A06	ACTCGGCAAT	UDP0041	GACAACTGAA	UDP0041	23N-MBT_AfB1	AfB1	AflatoxinB1	1uM_3D	1	39	F	F	F
27_2D_High	27_2D_High	5Q	49	2D	B06	GTCTAATGGC	UDP0042	AGTGGTCAGG	UDP0042	23N-MBT_AfB1	AfB1	AflatoxinB1	2uM_2D	2	49	F	F	F
40_3D_Cont	40_3D_Cont	5Q	50	3D	C06	CCATCTCGCC	UDP0043	TTCTATGGTT	UDP0043	23N-MBT_AfB1	AfB1	AflatoxinB1	C_3D	0	50	F	F	T
26_2D_Low	26_2D_Low	5Q	49	2D	D06	CTGCGAGCCA	UDP0044	AATCCGGCCA	UDP0044	23N-MBT_AfB1	AfB1	AflatoxinB1	1uM_2D	1	49	F	F	F
22_2D_Cont	22_2D_Cont	5P	40	2D	E06	CGTTATTCTA	UDP0045	CCATAAGGTT	UDP0045	23N-MBT_AfB1	AfB1	AflatoxinB1	C_2D	0	40	F	F	T
33_3D_High	33_3D_High	5P	39	3D	F06	GCAACATGGA	UDP0046	CTTGTCTTAA	UDP0046	23N-MBT_AfB1	AfB1	AflatoxinB1	2uM_3D	2	39	F	F	F
35_3D_Low	35_3D_Low	5P	40	3D	G06	GTCCTGGATA	UDP0047	CGGTGGCGAA	UDP0047	23N-MBT_AfB1	AfB1	AflatoxinB1	1uM_3D	1	40	F	F	F
25_2D_Cont	25_2D_Cont	5Q	49	2D	H06	CAGTGGCACT	UDP0048	TAACAATAGG	UDP0048	23N-MBT_AfB1	AfB1	AflatoxinB1	C_2D	0	49	F	F	T
